asset_id,variant,file,category,issuer,issuer_trusted,hard_binding_intact,soft_binding_hamming,pixels_tampered_after_signing,depicts_staged_scene,is_generated,correct_verdict
A000,original,A000__original.jpg,signed_tampered_undeclared,northcam,1,0,18,1,0,0,credential_broken_content_altered
A000,recompress_q40,A000__recompress_q40.jpg,signed_tampered_undeclared,northcam,1,0,16,1,0,0,credential_broken_content_altered
A000,crop_10pct,A000__crop_10pct.jpg,signed_tampered_undeclared,northcam,1,0,28,1,0,0,credential_broken_content_altered
A000,resize_640,A000__resize_640.jpg,signed_tampered_undeclared,northcam,1,0,18,1,0,0,credential_broken_content_altered
A000,screenshot_sim,A000__screenshot_sim.jpg,signed_tampered_undeclared,northcam,1,0,18,1,0,0,credential_broken_content_altered
A000,platform_strip,A000__platform_strip.jpg,signed_tampered_undeclared,northcam,1,0,16,1,0,0,credential_broken_content_altered
A001,original,A001__original.jpg,signed_tampered_undeclared,northcam,1,0,12,1,0,0,credential_broken_content_altered
A001,recompress_q40,A001__recompress_q40.jpg,signed_tampered_undeclared,northcam,1,0,12,1,0,0,credential_broken_content_altered
A001,crop_10pct,A001__crop_10pct.jpg,signed_tampered_undeclared,northcam,1,0,26,1,0,0,credential_broken_content_altered
A001,resize_640,A001__resize_640.jpg,signed_tampered_undeclared,northcam,1,0,12,1,0,0,credential_broken_content_altered
A001,screenshot_sim,A001__screenshot_sim.jpg,signed_tampered_undeclared,northcam,1,0,20,1,0,0,credential_broken_content_altered
A001,platform_strip,A001__platform_strip.jpg,signed_tampered_undeclared,northcam,1,0,12,1,0,0,credential_broken_content_altered
A002,original,A002__original.jpg,signed_authentic,northcam,1,1,0,0,0,0,credential_valid_origin_confirmed
A002,recompress_q40,A002__recompress_q40.jpg,signed_authentic,northcam,1,0,0,0,0,0,credential_valid_origin_confirmed
A002,crop_10pct,A002__crop_10pct.jpg,signed_authentic,northcam,1,0,16,0,0,0,credential_valid_origin_confirmed
A002,resize_640,A002__resize_640.jpg,signed_authentic,northcam,1,0,0,0,0,0,credential_valid_origin_confirmed
A002,screenshot_sim,A002__screenshot_sim.jpg,signed_authentic,northcam,1,0,12,0,0,0,credential_valid_origin_confirmed
A002,platform_strip,A002__platform_strip.jpg,signed_authentic,northcam,1,0,0,0,0,0,credential_valid_origin_confirmed
A003,original,A003__original.jpg,unsigned_authentic,,0,0,,0,0,0,no_credential_no_inference_possible
A003,recompress_q40,A003__recompress_q40.jpg,unsigned_authentic,,0,0,,0,0,0,no_credential_no_inference_possible
A003,crop_10pct,A003__crop_10pct.jpg,unsigned_authentic,,0,0,,0,0,0,no_credential_no_inference_possible
A003,resize_640,A003__resize_640.jpg,unsigned_authentic,,0,0,,0,0,0,no_credential_no_inference_possible
A003,screenshot_sim,A003__screenshot_sim.jpg,unsigned_authentic,,0,0,,0,0,0,no_credential_no_inference_possible
A003,platform_strip,A003__platform_strip.jpg,unsigned_authentic,,0,0,,0,0,0,no_credential_no_inference_possible
A004,original,A004__original.jpg,unsigned_generated,,0,0,,0,0,1,no_credential_no_inference_possible
A004,recompress_q40,A004__recompress_q40.jpg,unsigned_generated,,0,0,,0,0,1,no_credential_no_inference_possible
A004,crop_10pct,A004__crop_10pct.jpg,unsigned_generated,,0,0,,0,0,1,no_credential_no_inference_possible
A004,resize_640,A004__resize_640.jpg,unsigned_generated,,0,0,,0,0,1,no_credential_no_inference_possible
A004,screenshot_sim,A004__screenshot_sim.jpg,unsigned_generated,,0,0,,0,0,1,no_credential_no_inference_possible
A004,platform_strip,A004__platform_strip.jpg,unsigned_generated,,0,0,,0,0,1,no_credential_no_inference_possible
A005,original,A005__original.jpg,unsigned_authentic,,0,0,,0,0,0,no_credential_no_inference_possible
A005,recompress_q40,A005__recompress_q40.jpg,unsigned_authentic,,0,0,,0,0,0,no_credential_no_inference_possible
A005,crop_10pct,A005__crop_10pct.jpg,unsigned_authentic,,0,0,,0,0,0,no_credential_no_inference_possible
A005,resize_640,A005__resize_640.jpg,unsigned_authentic,,0,0,,0,0,0,no_credential_no_inference_possible
A005,screenshot_sim,A005__screenshot_sim.jpg,unsigned_authentic,,0,0,,0,0,0,no_credential_no_inference_possible
A005,platform_strip,A005__platform_strip.jpg,unsigned_authentic,,0,0,,0,0,0,no_credential_no_inference_possible
A006,original,A006__original.jpg,signed_staged_scene,northcam,1,1,0,0,1,0,credential_valid_but_scene_staged
A006,recompress_q40,A006__recompress_q40.jpg,signed_staged_scene,northcam,1,0,0,0,1,0,credential_valid_but_scene_staged
A006,crop_10pct,A006__crop_10pct.jpg,signed_staged_scene,northcam,1,0,16,0,1,0,credential_valid_but_scene_staged
A006,resize_640,A006__resize_640.jpg,signed_staged_scene,northcam,1,0,0,0,1,0,credential_valid_but_scene_staged
A006,screenshot_sim,A006__screenshot_sim.jpg,signed_staged_scene,northcam,1,0,14,0,1,0,credential_valid_but_scene_staged
A006,platform_strip,A006__platform_strip.jpg,signed_staged_scene,northcam,1,0,0,0,1,0,credential_valid_but_scene_staged
A007,original,A007__original.jpg,unsigned_authentic,,0,0,,0,0,0,no_credential_no_inference_possible
A007,recompress_q40,A007__recompress_q40.jpg,unsigned_authentic,,0,0,,0,0,0,no_credential_no_inference_possible
A007,crop_10pct,A007__crop_10pct.jpg,unsigned_authentic,,0,0,,0,0,0,no_credential_no_inference_possible
A007,resize_640,A007__resize_640.jpg,unsigned_authentic,,0,0,,0,0,0,no_credential_no_inference_possible
A007,screenshot_sim,A007__screenshot_sim.jpg,unsigned_authentic,,0,0,,0,0,0,no_credential_no_inference_possible
A007,platform_strip,A007__platform_strip.jpg,unsigned_authentic,,0,0,,0,0,0,no_credential_no_inference_possible
A008,original,A008__original.jpg,signed_untrusted_issuer,ghostsign,0,1,0,0,0,0,signature_valid_issuer_not_trusted
A008,recompress_q40,A008__recompress_q40.jpg,signed_untrusted_issuer,ghostsign,0,0,0,0,0,0,signature_valid_issuer_not_trusted
A008,crop_10pct,A008__crop_10pct.jpg,signed_untrusted_issuer,ghostsign,0,0,26,0,0,0,signature_valid_issuer_not_trusted
A008,resize_640,A008__resize_640.jpg,signed_untrusted_issuer,ghostsign,0,0,0,0,0,0,signature_valid_issuer_not_trusted
A008,screenshot_sim,A008__screenshot_sim.jpg,signed_untrusted_issuer,ghostsign,0,0,22,0,0,0,signature_valid_issuer_not_trusted
A008,platform_strip,A008__platform_strip.jpg,signed_untrusted_issuer,ghostsign,0,0,0,0,0,0,signature_valid_issuer_not_trusted
A009,original,A009__original.jpg,unsigned_authentic,,0,0,,0,0,0,no_credential_no_inference_possible
A009,recompress_q40,A009__recompress_q40.jpg,unsigned_authentic,,0,0,,0,0,0,no_credential_no_inference_possible
A009,crop_10pct,A009__crop_10pct.jpg,unsigned_authentic,,0,0,,0,0,0,no_credential_no_inference_possible
A009,resize_640,A009__resize_640.jpg,unsigned_authentic,,0,0,,0,0,0,no_credential_no_inference_possible
A009,screenshot_sim,A009__screenshot_sim.jpg,unsigned_authentic,,0,0,,0,0,0,no_credential_no_inference_possible
A009,platform_strip,A009__platform_strip.jpg,unsigned_authentic,,0,0,,0,0,0,no_credential_no_inference_possible
A010,original,A010__original.jpg,unsigned_authentic,,0,0,,0,0,0,no_credential_no_inference_possible
A010,recompress_q40,A010__recompress_q40.jpg,unsigned_authentic,,0,0,,0,0,0,no_credential_no_inference_possible
A010,crop_10pct,A010__crop_10pct.jpg,unsigned_authentic,,0,0,,0,0,0,no_credential_no_inference_possible
A010,resize_640,A010__resize_640.jpg,unsigned_authentic,,0,0,,0,0,0,no_credential_no_inference_possible
A010,screenshot_sim,A010__screenshot_sim.jpg,unsigned_authentic,,0,0,,0,0,0,no_credential_no_inference_possible
A010,platform_strip,A010__platform_strip.jpg,unsigned_authentic,,0,0,,0,0,0,no_credential_no_inference_possible
A011,original,A011__original.jpg,signed_tampered_undeclared,northcam,1,0,14,1,0,0,credential_broken_content_altered
A011,recompress_q40,A011__recompress_q40.jpg,signed_tampered_undeclared,northcam,1,0,14,1,0,0,credential_broken_content_altered
A011,crop_10pct,A011__crop_10pct.jpg,signed_tampered_undeclared,northcam,1,0,26,1,0,0,credential_broken_content_altered
A011,resize_640,A011__resize_640.jpg,signed_tampered_undeclared,northcam,1,0,14,1,0,0,credential_broken_content_altered
A011,screenshot_sim,A011__screenshot_sim.jpg,signed_tampered_undeclared,northcam,1,0,18,1,0,0,credential_broken_content_altered
A011,platform_strip,A011__platform_strip.jpg,signed_tampered_undeclared,northcam,1,0,12,1,0,0,credential_broken_content_altered
A012,original,A012__original.jpg,signed_staged_scene,northcam,1,1,0,0,1,0,credential_valid_but_scene_staged
A012,recompress_q40,A012__recompress_q40.jpg,signed_staged_scene,northcam,1,0,0,0,1,0,credential_valid_but_scene_staged
A012,crop_10pct,A012__crop_10pct.jpg,signed_staged_scene,northcam,1,0,26,0,1,0,credential_valid_but_scene_staged
A012,resize_640,A012__resize_640.jpg,signed_staged_scene,northcam,1,0,0,0,1,0,credential_valid_but_scene_staged
A012,screenshot_sim,A012__screenshot_sim.jpg,signed_staged_scene,northcam,1,0,16,0,1,0,credential_valid_but_scene_staged
A012,platform_strip,A012__platform_strip.jpg,signed_staged_scene,northcam,1,0,0,0,1,0,credential_valid_but_scene_staged
A013,original,A013__original.jpg,signed_edit_declared,northcam,1,1,0,0,0,0,credential_valid_edits_disclosed
A013,recompress_q40,A013__recompress_q40.jpg,signed_edit_declared,northcam,1,0,2,0,0,0,credential_valid_edits_disclosed
A013,crop_10pct,A013__crop_10pct.jpg,signed_edit_declared,northcam,1,0,22,0,0,0,credential_valid_edits_disclosed
A013,resize_640,A013__resize_640.jpg,signed_edit_declared,northcam,1,0,0,0,0,0,credential_valid_edits_disclosed
A013,screenshot_sim,A013__screenshot_sim.jpg,signed_edit_declared,northcam,1,0,8,0,0,0,credential_valid_edits_disclosed
A013,platform_strip,A013__platform_strip.jpg,signed_edit_declared,northcam,1,0,0,0,0,0,credential_valid_edits_disclosed
A014,original,A014__original.jpg,signed_authentic,northcam,1,1,0,0,0,0,credential_valid_origin_confirmed
A014,recompress_q40,A014__recompress_q40.jpg,signed_authentic,northcam,1,0,0,0,0,0,credential_valid_origin_confirmed
A014,crop_10pct,A014__crop_10pct.jpg,signed_authentic,northcam,1,0,26,0,0,0,credential_valid_origin_confirmed
A014,resize_640,A014__resize_640.jpg,signed_authentic,northcam,1,0,0,0,0,0,credential_valid_origin_confirmed
A014,screenshot_sim,A014__screenshot_sim.jpg,signed_authentic,northcam,1,0,12,0,0,0,credential_valid_origin_confirmed
A014,platform_strip,A014__platform_strip.jpg,signed_authentic,northcam,1,0,0,0,0,0,credential_valid_origin_confirmed
A015,original,A015__original.jpg,signed_edit_declared,northcam,1,1,0,0,0,0,credential_valid_edits_disclosed
A015,recompress_q40,A015__recompress_q40.jpg,signed_edit_declared,northcam,1,0,0,0,0,0,credential_valid_edits_disclosed
A015,crop_10pct,A015__crop_10pct.jpg,signed_edit_declared,northcam,1,0,22,0,0,0,credential_valid_edits_disclosed
A015,resize_640,A015__resize_640.jpg,signed_edit_declared,northcam,1,0,0,0,0,0,credential_valid_edits_disclosed
A015,screenshot_sim,A015__screenshot_sim.jpg,signed_edit_declared,northcam,1,0,12,0,0,0,credential_valid_edits_disclosed
A015,platform_strip,A015__platform_strip.jpg,signed_edit_declared,northcam,1,0,0,0,0,0,credential_valid_edits_disclosed
A016,original,A016__original.jpg,unsigned_authentic,,0,0,,0,0,0,no_credential_no_inference_possible
A016,recompress_q40,A016__recompress_q40.jpg,unsigned_authentic,,0,0,,0,0,0,no_credential_no_inference_possible
A016,crop_10pct,A016__crop_10pct.jpg,unsigned_authentic,,0,0,,0,0,0,no_credential_no_inference_possible
A016,resize_640,A016__resize_640.jpg,unsigned_authentic,,0,0,,0,0,0,no_credential_no_inference_possible
A016,screenshot_sim,A016__screenshot_sim.jpg,unsigned_authentic,,0,0,,0,0,0,no_credential_no_inference_possible
A016,platform_strip,A016__platform_strip.jpg,unsigned_authentic,,0,0,,0,0,0,no_credential_no_inference_possible
A017,original,A017__original.jpg,signed_tampered_undeclared,northcam,1,0,8,1,0,0,credential_broken_content_altered
A017,recompress_q40,A017__recompress_q40.jpg,signed_tampered_undeclared,northcam,1,0,10,1,0,0,credential_broken_content_altered
A017,crop_10pct,A017__crop_10pct.jpg,signed_tampered_undeclared,northcam,1,0,30,1,0,0,credential_broken_content_altered
A017,resize_640,A017__resize_640.jpg,signed_tampered_undeclared,northcam,1,0,10,1,0,0,credential_broken_content_altered
A017,screenshot_sim,A017__screenshot_sim.jpg,signed_tampered_undeclared,northcam,1,0,18,1,0,0,credential_broken_content_altered
A017,platform_strip,A017__platform_strip.jpg,signed_tampered_undeclared,northcam,1,0,10,1,0,0,credential_broken_content_altered
A018,original,A018__original.jpg,signed_staged_scene,northcam,1,1,0,0,1,0,credential_valid_but_scene_staged
A018,recompress_q40,A018__recompress_q40.jpg,signed_staged_scene,northcam,1,0,0,0,1,0,credential_valid_but_scene_staged
A018,crop_10pct,A018__crop_10pct.jpg,signed_staged_scene,northcam,1,0,20,0,1,0,credential_valid_but_scene_staged
A018,resize_640,A018__resize_640.jpg,signed_staged_scene,northcam,1,0,0,0,1,0,credential_valid_but_scene_staged
A018,screenshot_sim,A018__screenshot_sim.jpg,signed_staged_scene,northcam,1,0,18,0,1,0,credential_valid_but_scene_staged
A018,platform_strip,A018__platform_strip.jpg,signed_staged_scene,northcam,1,0,0,0,1,0,credential_valid_but_scene_staged
A019,original,A019__original.jpg,signed_authentic,northcam,1,1,0,0,0,0,credential_valid_origin_confirmed
A019,recompress_q40,A019__recompress_q40.jpg,signed_authentic,northcam,1,0,0,0,0,0,credential_valid_origin_confirmed
A019,crop_10pct,A019__crop_10pct.jpg,signed_authentic,northcam,1,0,22,0,0,0,credential_valid_origin_confirmed
A019,resize_640,A019__resize_640.jpg,signed_authentic,northcam,1,0,2,0,0,0,credential_valid_origin_confirmed
A019,screenshot_sim,A019__screenshot_sim.jpg,signed_authentic,northcam,1,0,12,0,0,0,credential_valid_origin_confirmed
A019,platform_strip,A019__platform_strip.jpg,signed_authentic,northcam,1,0,2,0,0,0,credential_valid_origin_confirmed
A020,original,A020__original.jpg,unsigned_authentic,,0,0,,0,0,0,no_credential_no_inference_possible
A020,recompress_q40,A020__recompress_q40.jpg,unsigned_authentic,,0,0,,0,0,0,no_credential_no_inference_possible
A020,crop_10pct,A020__crop_10pct.jpg,unsigned_authentic,,0,0,,0,0,0,no_credential_no_inference_possible
A020,resize_640,A020__resize_640.jpg,unsigned_authentic,,0,0,,0,0,0,no_credential_no_inference_possible
A020,screenshot_sim,A020__screenshot_sim.jpg,unsigned_authentic,,0,0,,0,0,0,no_credential_no_inference_possible
A020,platform_strip,A020__platform_strip.jpg,unsigned_authentic,,0,0,,0,0,0,no_credential_no_inference_possible
A021,original,A021__original.jpg,signed_authentic,northcam,1,1,0,0,0,0,credential_valid_origin_confirmed
A021,recompress_q40,A021__recompress_q40.jpg,signed_authentic,northcam,1,0,0,0,0,0,credential_valid_origin_confirmed
A021,crop_10pct,A021__crop_10pct.jpg,signed_authentic,northcam,1,0,34,0,0,0,credential_valid_origin_confirmed
A021,resize_640,A021__resize_640.jpg,signed_authentic,northcam,1,0,0,0,0,0,credential_valid_origin_confirmed
A021,screenshot_sim,A021__screenshot_sim.jpg,signed_authentic,northcam,1,0,12,0,0,0,credential_valid_origin_confirmed
A021,platform_strip,A021__platform_strip.jpg,signed_authentic,northcam,1,0,0,0,0,0,credential_valid_origin_confirmed
A022,original,A022__original.jpg,signed_edit_declared,northcam,1,1,0,0,0,0,credential_valid_edits_disclosed
A022,recompress_q40,A022__recompress_q40.jpg,signed_edit_declared,northcam,1,0,0,0,0,0,credential_valid_edits_disclosed
A022,crop_10pct,A022__crop_10pct.jpg,signed_edit_declared,northcam,1,0,22,0,0,0,credential_valid_edits_disclosed
A022,resize_640,A022__resize_640.jpg,signed_edit_declared,northcam,1,0,0,0,0,0,credential_valid_edits_disclosed
A022,screenshot_sim,A022__screenshot_sim.jpg,signed_edit_declared,northcam,1,0,12,0,0,0,credential_valid_edits_disclosed
A022,platform_strip,A022__platform_strip.jpg,signed_edit_declared,northcam,1,0,0,0,0,0,credential_valid_edits_disclosed
A023,original,A023__original.jpg,signed_authentic,northcam,1,1,0,0,0,0,credential_valid_origin_confirmed
A023,recompress_q40,A023__recompress_q40.jpg,signed_authentic,northcam,1,0,0,0,0,0,credential_valid_origin_confirmed
A023,crop_10pct,A023__crop_10pct.jpg,signed_authentic,northcam,1,0,28,0,0,0,credential_valid_origin_confirmed
A023,resize_640,A023__resize_640.jpg,signed_authentic,northcam,1,0,0,0,0,0,credential_valid_origin_confirmed
A023,screenshot_sim,A023__screenshot_sim.jpg,signed_authentic,northcam,1,0,12,0,0,0,credential_valid_origin_confirmed
A023,platform_strip,A023__platform_strip.jpg,signed_authentic,northcam,1,0,2,0,0,0,credential_valid_origin_confirmed
A024,original,A024__original.jpg,signed_edit_declared,northcam,1,1,0,0,0,0,credential_valid_edits_disclosed
A024,recompress_q40,A024__recompress_q40.jpg,signed_edit_declared,northcam,1,0,0,0,0,0,credential_valid_edits_disclosed
A024,crop_10pct,A024__crop_10pct.jpg,signed_edit_declared,northcam,1,0,20,0,0,0,credential_valid_edits_disclosed
A024,resize_640,A024__resize_640.jpg,signed_edit_declared,northcam,1,0,0,0,0,0,credential_valid_edits_disclosed
A024,screenshot_sim,A024__screenshot_sim.jpg,signed_edit_declared,northcam,1,0,8,0,0,0,credential_valid_edits_disclosed
A024,platform_strip,A024__platform_strip.jpg,signed_edit_declared,northcam,1,0,0,0,0,0,credential_valid_edits_disclosed
A025,original,A025__original.jpg,unsigned_authentic,,0,0,,0,0,0,no_credential_no_inference_possible
A025,recompress_q40,A025__recompress_q40.jpg,unsigned_authentic,,0,0,,0,0,0,no_credential_no_inference_possible
A025,crop_10pct,A025__crop_10pct.jpg,unsigned_authentic,,0,0,,0,0,0,no_credential_no_inference_possible
A025,resize_640,A025__resize_640.jpg,unsigned_authentic,,0,0,,0,0,0,no_credential_no_inference_possible
A025,screenshot_sim,A025__screenshot_sim.jpg,unsigned_authentic,,0,0,,0,0,0,no_credential_no_inference_possible
A025,platform_strip,A025__platform_strip.jpg,unsigned_authentic,,0,0,,0,0,0,no_credential_no_inference_possible
A026,original,A026__original.jpg,unsigned_generated,,0,0,,0,0,1,no_credential_no_inference_possible
A026,recompress_q40,A026__recompress_q40.jpg,unsigned_generated,,0,0,,0,0,1,no_credential_no_inference_possible
A026,crop_10pct,A026__crop_10pct.jpg,unsigned_generated,,0,0,,0,0,1,no_credential_no_inference_possible
A026,resize_640,A026__resize_640.jpg,unsigned_generated,,0,0,,0,0,1,no_credential_no_inference_possible
A026,screenshot_sim,A026__screenshot_sim.jpg,unsigned_generated,,0,0,,0,0,1,no_credential_no_inference_possible
A026,platform_strip,A026__platform_strip.jpg,unsigned_generated,,0,0,,0,0,1,no_credential_no_inference_possible
A027,original,A027__original.jpg,unsigned_generated,,0,0,,0,0,1,no_credential_no_inference_possible
A027,recompress_q40,A027__recompress_q40.jpg,unsigned_generated,,0,0,,0,0,1,no_credential_no_inference_possible
A027,crop_10pct,A027__crop_10pct.jpg,unsigned_generated,,0,0,,0,0,1,no_credential_no_inference_possible
A027,resize_640,A027__resize_640.jpg,unsigned_generated,,0,0,,0,0,1,no_credential_no_inference_possible
A027,screenshot_sim,A027__screenshot_sim.jpg,unsigned_generated,,0,0,,0,0,1,no_credential_no_inference_possible
A027,platform_strip,A027__platform_strip.jpg,unsigned_generated,,0,0,,0,0,1,no_credential_no_inference_possible
A028,original,A028__original.jpg,signed_authentic,northcam,1,1,0,0,0,0,credential_valid_origin_confirmed
A028,recompress_q40,A028__recompress_q40.jpg,signed_authentic,northcam,1,0,0,0,0,0,credential_valid_origin_confirmed
A028,crop_10pct,A028__crop_10pct.jpg,signed_authentic,northcam,1,0,18,0,0,0,credential_valid_origin_confirmed
A028,resize_640,A028__resize_640.jpg,signed_authentic,northcam,1,0,0,0,0,0,credential_valid_origin_confirmed
A028,screenshot_sim,A028__screenshot_sim.jpg,signed_authentic,northcam,1,0,6,0,0,0,credential_valid_origin_confirmed
A028,platform_strip,A028__platform_strip.jpg,signed_authentic,northcam,1,0,0,0,0,0,credential_valid_origin_confirmed
A029,original,A029__original.jpg,signed_authentic,northcam,1,1,0,0,0,0,credential_valid_origin_confirmed
A029,recompress_q40,A029__recompress_q40.jpg,signed_authentic,northcam,1,0,2,0,0,0,credential_valid_origin_confirmed
A029,crop_10pct,A029__crop_10pct.jpg,signed_authentic,northcam,1,0,16,0,0,0,credential_valid_origin_confirmed
A029,resize_640,A029__resize_640.jpg,signed_authentic,northcam,1,0,0,0,0,0,credential_valid_origin_confirmed
A029,screenshot_sim,A029__screenshot_sim.jpg,signed_authentic,northcam,1,0,10,0,0,0,credential_valid_origin_confirmed
A029,platform_strip,A029__platform_strip.jpg,signed_authentic,northcam,1,0,0,0,0,0,credential_valid_origin_confirmed
A030,original,A030__original.jpg,signed_tampered_undeclared,northcam,1,0,10,1,0,0,credential_broken_content_altered
A030,recompress_q40,A030__recompress_q40.jpg,signed_tampered_undeclared,northcam,1,0,10,1,0,0,credential_broken_content_altered
A030,crop_10pct,A030__crop_10pct.jpg,signed_tampered_undeclared,northcam,1,0,36,1,0,0,credential_broken_content_altered
A030,resize_640,A030__resize_640.jpg,signed_tampered_undeclared,northcam,1,0,10,1,0,0,credential_broken_content_altered
A030,screenshot_sim,A030__screenshot_sim.jpg,signed_tampered_undeclared,northcam,1,0,14,1,0,0,credential_broken_content_altered
A030,platform_strip,A030__platform_strip.jpg,signed_tampered_undeclared,northcam,1,0,10,1,0,0,credential_broken_content_altered
A031,original,A031__original.jpg,signed_staged_scene,northcam,1,1,0,0,1,0,credential_valid_but_scene_staged
A031,recompress_q40,A031__recompress_q40.jpg,signed_staged_scene,northcam,1,0,0,0,1,0,credential_valid_but_scene_staged
A031,crop_10pct,A031__crop_10pct.jpg,signed_staged_scene,northcam,1,0,22,0,1,0,credential_valid_but_scene_staged
A031,resize_640,A031__resize_640.jpg,signed_staged_scene,northcam,1,0,0,0,1,0,credential_valid_but_scene_staged
A031,screenshot_sim,A031__screenshot_sim.jpg,signed_staged_scene,northcam,1,0,12,0,1,0,credential_valid_but_scene_staged
A031,platform_strip,A031__platform_strip.jpg,signed_staged_scene,northcam,1,0,0,0,1,0,credential_valid_but_scene_staged
A032,original,A032__original.jpg,unsigned_authentic,,0,0,,0,0,0,no_credential_no_inference_possible
A032,recompress_q40,A032__recompress_q40.jpg,unsigned_authentic,,0,0,,0,0,0,no_credential_no_inference_possible
A032,crop_10pct,A032__crop_10pct.jpg,unsigned_authentic,,0,0,,0,0,0,no_credential_no_inference_possible
A032,resize_640,A032__resize_640.jpg,unsigned_authentic,,0,0,,0,0,0,no_credential_no_inference_possible
A032,screenshot_sim,A032__screenshot_sim.jpg,unsigned_authentic,,0,0,,0,0,0,no_credential_no_inference_possible
A032,platform_strip,A032__platform_strip.jpg,unsigned_authentic,,0,0,,0,0,0,no_credential_no_inference_possible
A033,original,A033__original.jpg,signed_authentic,northcam,1,1,0,0,0,0,credential_valid_origin_confirmed
A033,recompress_q40,A033__recompress_q40.jpg,signed_authentic,northcam,1,0,0,0,0,0,credential_valid_origin_confirmed
A033,crop_10pct,A033__crop_10pct.jpg,signed_authentic,northcam,1,0,22,0,0,0,credential_valid_origin_confirmed
A033,resize_640,A033__resize_640.jpg,signed_authentic,northcam,1,0,0,0,0,0,credential_valid_origin_confirmed
A033,screenshot_sim,A033__screenshot_sim.jpg,signed_authentic,northcam,1,0,6,0,0,0,credential_valid_origin_confirmed
A033,platform_strip,A033__platform_strip.jpg,signed_authentic,northcam,1,0,0,0,0,0,credential_valid_origin_confirmed
A034,original,A034__original.jpg,unsigned_authentic,,0,0,,0,0,0,no_credential_no_inference_possible
A034,recompress_q40,A034__recompress_q40.jpg,unsigned_authentic,,0,0,,0,0,0,no_credential_no_inference_possible
A034,crop_10pct,A034__crop_10pct.jpg,unsigned_authentic,,0,0,,0,0,0,no_credential_no_inference_possible
A034,resize_640,A034__resize_640.jpg,unsigned_authentic,,0,0,,0,0,0,no_credential_no_inference_possible
A034,screenshot_sim,A034__screenshot_sim.jpg,unsigned_authentic,,0,0,,0,0,0,no_credential_no_inference_possible
A034,platform_strip,A034__platform_strip.jpg,unsigned_authentic,,0,0,,0,0,0,no_credential_no_inference_possible
A035,original,A035__original.jpg,signed_tampered_undeclared,northcam,1,0,14,1,0,0,credential_broken_content_altered
A035,recompress_q40,A035__recompress_q40.jpg,signed_tampered_undeclared,northcam,1,0,14,1,0,0,credential_broken_content_altered
A035,crop_10pct,A035__crop_10pct.jpg,signed_tampered_undeclared,northcam,1,0,28,1,0,0,credential_broken_content_altered
A035,resize_640,A035__resize_640.jpg,signed_tampered_undeclared,northcam,1,0,14,1,0,0,credential_broken_content_altered
A035,screenshot_sim,A035__screenshot_sim.jpg,signed_tampered_undeclared,northcam,1,0,18,1,0,0,credential_broken_content_altered
A035,platform_strip,A035__platform_strip.jpg,signed_tampered_undeclared,northcam,1,0,14,1,0,0,credential_broken_content_altered
A036,original,A036__original.jpg,signed_edit_declared,northcam,1,1,0,0,0,0,credential_valid_edits_disclosed
A036,recompress_q40,A036__recompress_q40.jpg,signed_edit_declared,northcam,1,0,2,0,0,0,credential_valid_edits_disclosed
A036,crop_10pct,A036__crop_10pct.jpg,signed_edit_declared,northcam,1,0,24,0,0,0,credential_valid_edits_disclosed
A036,resize_640,A036__resize_640.jpg,signed_edit_declared,northcam,1,0,2,0,0,0,credential_valid_edits_disclosed
A036,screenshot_sim,A036__screenshot_sim.jpg,signed_edit_declared,northcam,1,0,8,0,0,0,credential_valid_edits_disclosed
A036,platform_strip,A036__platform_strip.jpg,signed_edit_declared,northcam,1,0,0,0,0,0,credential_valid_edits_disclosed
A037,original,A037__original.jpg,unsigned_authentic,,0,0,,0,0,0,no_credential_no_inference_possible
A037,recompress_q40,A037__recompress_q40.jpg,unsigned_authentic,,0,0,,0,0,0,no_credential_no_inference_possible
A037,crop_10pct,A037__crop_10pct.jpg,unsigned_authentic,,0,0,,0,0,0,no_credential_no_inference_possible
A037,resize_640,A037__resize_640.jpg,unsigned_authentic,,0,0,,0,0,0,no_credential_no_inference_possible
A037,screenshot_sim,A037__screenshot_sim.jpg,unsigned_authentic,,0,0,,0,0,0,no_credential_no_inference_possible
A037,platform_strip,A037__platform_strip.jpg,unsigned_authentic,,0,0,,0,0,0,no_credential_no_inference_possible
A038,original,A038__original.jpg,signed_authentic,northcam,1,1,0,0,0,0,credential_valid_origin_confirmed
A038,recompress_q40,A038__recompress_q40.jpg,signed_authentic,northcam,1,0,0,0,0,0,credential_valid_origin_confirmed
A038,crop_10pct,A038__crop_10pct.jpg,signed_authentic,northcam,1,0,16,0,0,0,credential_valid_origin_confirmed
A038,resize_640,A038__resize_640.jpg,signed_authentic,northcam,1,0,0,0,0,0,credential_valid_origin_confirmed
A038,screenshot_sim,A038__screenshot_sim.jpg,signed_authentic,northcam,1,0,12,0,0,0,credential_valid_origin_confirmed
A038,platform_strip,A038__platform_strip.jpg,signed_authentic,northcam,1,0,0,0,0,0,credential_valid_origin_confirmed
A039,original,A039__original.jpg,signed_edit_declared,northcam,1,1,0,0,0,0,credential_valid_edits_disclosed
A039,recompress_q40,A039__recompress_q40.jpg,signed_edit_declared,northcam,1,0,0,0,0,0,credential_valid_edits_disclosed
A039,crop_10pct,A039__crop_10pct.jpg,signed_edit_declared,northcam,1,0,18,0,0,0,credential_valid_edits_disclosed
A039,resize_640,A039__resize_640.jpg,signed_edit_declared,northcam,1,0,0,0,0,0,credential_valid_edits_disclosed
A039,screenshot_sim,A039__screenshot_sim.jpg,signed_edit_declared,northcam,1,0,10,0,0,0,credential_valid_edits_disclosed
A039,platform_strip,A039__platform_strip.jpg,signed_edit_declared,northcam,1,0,0,0,0,0,credential_valid_edits_disclosed
A040,original,A040__original.jpg,unsigned_authentic,,0,0,,0,0,0,no_credential_no_inference_possible
A040,recompress_q40,A040__recompress_q40.jpg,unsigned_authentic,,0,0,,0,0,0,no_credential_no_inference_possible
A040,crop_10pct,A040__crop_10pct.jpg,unsigned_authentic,,0,0,,0,0,0,no_credential_no_inference_possible
A040,resize_640,A040__resize_640.jpg,unsigned_authentic,,0,0,,0,0,0,no_credential_no_inference_possible
A040,screenshot_sim,A040__screenshot_sim.jpg,unsigned_authentic,,0,0,,0,0,0,no_credential_no_inference_possible
A040,platform_strip,A040__platform_strip.jpg,unsigned_authentic,,0,0,,0,0,0,no_credential_no_inference_possible
A041,original,A041__original.jpg,unsigned_authentic,,0,0,,0,0,0,no_credential_no_inference_possible
A041,recompress_q40,A041__recompress_q40.jpg,unsigned_authentic,,0,0,,0,0,0,no_credential_no_inference_possible
A041,crop_10pct,A041__crop_10pct.jpg,unsigned_authentic,,0,0,,0,0,0,no_credential_no_inference_possible
A041,resize_640,A041__resize_640.jpg,unsigned_authentic,,0,0,,0,0,0,no_credential_no_inference_possible
A041,screenshot_sim,A041__screenshot_sim.jpg,unsigned_authentic,,0,0,,0,0,0,no_credential_no_inference_possible
A041,platform_strip,A041__platform_strip.jpg,unsigned_authentic,,0,0,,0,0,0,no_credential_no_inference_possible
A042,original,A042__original.jpg,unsigned_authentic,,0,0,,0,0,0,no_credential_no_inference_possible
A042,recompress_q40,A042__recompress_q40.jpg,unsigned_authentic,,0,0,,0,0,0,no_credential_no_inference_possible
A042,crop_10pct,A042__crop_10pct.jpg,unsigned_authentic,,0,0,,0,0,0,no_credential_no_inference_possible
A042,resize_640,A042__resize_640.jpg,unsigned_authentic,,0,0,,0,0,0,no_credential_no_inference_possible
A042,screenshot_sim,A042__screenshot_sim.jpg,unsigned_authentic,,0,0,,0,0,0,no_credential_no_inference_possible
A042,platform_strip,A042__platform_strip.jpg,unsigned_authentic,,0,0,,0,0,0,no_credential_no_inference_possible
A043,original,A043__original.jpg,signed_authentic,northcam,1,1,0,0,0,0,credential_valid_origin_confirmed
A043,recompress_q40,A043__recompress_q40.jpg,signed_authentic,northcam,1,0,0,0,0,0,credential_valid_origin_confirmed
A043,crop_10pct,A043__crop_10pct.jpg,signed_authentic,northcam,1,0,20,0,0,0,credential_valid_origin_confirmed
A043,resize_640,A043__resize_640.jpg,signed_authentic,northcam,1,0,0,0,0,0,credential_valid_origin_confirmed
A043,screenshot_sim,A043__screenshot_sim.jpg,signed_authentic,northcam,1,0,10,0,0,0,credential_valid_origin_confirmed
A043,platform_strip,A043__platform_strip.jpg,signed_authentic,northcam,1,0,2,0,0,0,credential_valid_origin_confirmed
A044,original,A044__original.jpg,signed_tampered_undeclared,northcam,1,0,10,1,0,0,credential_broken_content_altered
A044,recompress_q40,A044__recompress_q40.jpg,signed_tampered_undeclared,northcam,1,0,10,1,0,0,credential_broken_content_altered
A044,crop_10pct,A044__crop_10pct.jpg,signed_tampered_undeclared,northcam,1,0,20,1,0,0,credential_broken_content_altered
A044,resize_640,A044__resize_640.jpg,signed_tampered_undeclared,northcam,1,0,10,1,0,0,credential_broken_content_altered
A044,screenshot_sim,A044__screenshot_sim.jpg,signed_tampered_undeclared,northcam,1,0,14,1,0,0,credential_broken_content_altered
A044,platform_strip,A044__platform_strip.jpg,signed_tampered_undeclared,northcam,1,0,10,1,0,0,credential_broken_content_altered
A045,original,A045__original.jpg,unsigned_authentic,,0,0,,0,0,0,no_credential_no_inference_possible
A045,recompress_q40,A045__recompress_q40.jpg,unsigned_authentic,,0,0,,0,0,0,no_credential_no_inference_possible
A045,crop_10pct,A045__crop_10pct.jpg,unsigned_authentic,,0,0,,0,0,0,no_credential_no_inference_possible
A045,resize_640,A045__resize_640.jpg,unsigned_authentic,,0,0,,0,0,0,no_credential_no_inference_possible
A045,screenshot_sim,A045__screenshot_sim.jpg,unsigned_authentic,,0,0,,0,0,0,no_credential_no_inference_possible
A045,platform_strip,A045__platform_strip.jpg,unsigned_authentic,,0,0,,0,0,0,no_credential_no_inference_possible
A046,original,A046__original.jpg,signed_staged_scene,northcam,1,1,0,0,1,0,credential_valid_but_scene_staged
A046,recompress_q40,A046__recompress_q40.jpg,signed_staged_scene,northcam,1,0,2,0,1,0,credential_valid_but_scene_staged
A046,crop_10pct,A046__crop_10pct.jpg,signed_staged_scene,northcam,1,0,30,0,1,0,credential_valid_but_scene_staged
A046,resize_640,A046__resize_640.jpg,signed_staged_scene,northcam,1,0,0,0,1,0,credential_valid_but_scene_staged
A046,screenshot_sim,A046__screenshot_sim.jpg,signed_staged_scene,northcam,1,0,12,0,1,0,credential_valid_but_scene_staged
A046,platform_strip,A046__platform_strip.jpg,signed_staged_scene,northcam,1,0,2,0,1,0,credential_valid_but_scene_staged
A047,original,A047__original.jpg,signed_staged_scene,northcam,1,1,0,0,1,0,credential_valid_but_scene_staged
A047,recompress_q40,A047__recompress_q40.jpg,signed_staged_scene,northcam,1,0,2,0,1,0,credential_valid_but_scene_staged
A047,crop_10pct,A047__crop_10pct.jpg,signed_staged_scene,northcam,1,0,30,0,1,0,credential_valid_but_scene_staged
A047,resize_640,A047__resize_640.jpg,signed_staged_scene,northcam,1,0,2,0,1,0,credential_valid_but_scene_staged
A047,screenshot_sim,A047__screenshot_sim.jpg,signed_staged_scene,northcam,1,0,12,0,1,0,credential_valid_but_scene_staged
A047,platform_strip,A047__platform_strip.jpg,signed_staged_scene,northcam,1,0,2,0,1,0,credential_valid_but_scene_staged
A048,original,A048__original.jpg,signed_staged_scene,northcam,1,1,0,0,1,0,credential_valid_but_scene_staged
A048,recompress_q40,A048__recompress_q40.jpg,signed_staged_scene,northcam,1,0,2,0,1,0,credential_valid_but_scene_staged
A048,crop_10pct,A048__crop_10pct.jpg,signed_staged_scene,northcam,1,0,24,0,1,0,credential_valid_but_scene_staged
A048,resize_640,A048__resize_640.jpg,signed_staged_scene,northcam,1,0,0,0,1,0,credential_valid_but_scene_staged
A048,screenshot_sim,A048__screenshot_sim.jpg,signed_staged_scene,northcam,1,0,12,0,1,0,credential_valid_but_scene_staged
A048,platform_strip,A048__platform_strip.jpg,signed_staged_scene,northcam,1,0,0,0,1,0,credential_valid_but_scene_staged
A049,original,A049__original.jpg,signed_staged_scene,northcam,1,1,0,0,1,0,credential_valid_but_scene_staged
A049,recompress_q40,A049__recompress_q40.jpg,signed_staged_scene,northcam,1,0,2,0,1,0,credential_valid_but_scene_staged
A049,crop_10pct,A049__crop_10pct.jpg,signed_staged_scene,northcam,1,0,28,0,1,0,credential_valid_but_scene_staged
A049,resize_640,A049__resize_640.jpg,signed_staged_scene,northcam,1,0,0,0,1,0,credential_valid_but_scene_staged
A049,screenshot_sim,A049__screenshot_sim.jpg,signed_staged_scene,northcam,1,0,8,0,1,0,credential_valid_but_scene_staged
A049,platform_strip,A049__platform_strip.jpg,signed_staged_scene,northcam,1,0,0,0,1,0,credential_valid_but_scene_staged
A050,original,A050__original.jpg,signed_authentic,northcam,1,1,0,0,0,0,credential_valid_origin_confirmed
A050,recompress_q40,A050__recompress_q40.jpg,signed_authentic,northcam,1,0,0,0,0,0,credential_valid_origin_confirmed
A050,crop_10pct,A050__crop_10pct.jpg,signed_authentic,northcam,1,0,28,0,0,0,credential_valid_origin_confirmed
A050,resize_640,A050__resize_640.jpg,signed_authentic,northcam,1,0,0,0,0,0,credential_valid_origin_confirmed
A050,screenshot_sim,A050__screenshot_sim.jpg,signed_authentic,northcam,1,0,14,0,0,0,credential_valid_origin_confirmed
A050,platform_strip,A050__platform_strip.jpg,signed_authentic,northcam,1,0,0,0,0,0,credential_valid_origin_confirmed
A051,original,A051__original.jpg,signed_edit_declared,northcam,1,1,0,0,0,0,credential_valid_edits_disclosed
A051,recompress_q40,A051__recompress_q40.jpg,signed_edit_declared,northcam,1,0,0,0,0,0,credential_valid_edits_disclosed
A051,crop_10pct,A051__crop_10pct.jpg,signed_edit_declared,northcam,1,0,20,0,0,0,credential_valid_edits_disclosed
A051,resize_640,A051__resize_640.jpg,signed_edit_declared,northcam,1,0,2,0,0,0,credential_valid_edits_disclosed
A051,screenshot_sim,A051__screenshot_sim.jpg,signed_edit_declared,northcam,1,0,12,0,0,0,credential_valid_edits_disclosed
A051,platform_strip,A051__platform_strip.jpg,signed_edit_declared,northcam,1,0,0,0,0,0,credential_valid_edits_disclosed
A052,original,A052__original.jpg,signed_edit_declared,northcam,1,1,0,0,0,0,credential_valid_edits_disclosed
A052,recompress_q40,A052__recompress_q40.jpg,signed_edit_declared,northcam,1,0,0,0,0,0,credential_valid_edits_disclosed
A052,crop_10pct,A052__crop_10pct.jpg,signed_edit_declared,northcam,1,0,20,0,0,0,credential_valid_edits_disclosed
A052,resize_640,A052__resize_640.jpg,signed_edit_declared,northcam,1,0,2,0,0,0,credential_valid_edits_disclosed
A052,screenshot_sim,A052__screenshot_sim.jpg,signed_edit_declared,northcam,1,0,12,0,0,0,credential_valid_edits_disclosed
A052,platform_strip,A052__platform_strip.jpg,signed_edit_declared,northcam,1,0,0,0,0,0,credential_valid_edits_disclosed
A053,original,A053__original.jpg,signed_authentic,northcam,1,1,0,0,0,0,credential_valid_origin_confirmed
A053,recompress_q40,A053__recompress_q40.jpg,signed_authentic,northcam,1,0,0,0,0,0,credential_valid_origin_confirmed
A053,crop_10pct,A053__crop_10pct.jpg,signed_authentic,northcam,1,0,28,0,0,0,credential_valid_origin_confirmed
A053,resize_640,A053__resize_640.jpg,signed_authentic,northcam,1,0,0,0,0,0,credential_valid_origin_confirmed
A053,screenshot_sim,A053__screenshot_sim.jpg,signed_authentic,northcam,1,0,10,0,0,0,credential_valid_origin_confirmed
A053,platform_strip,A053__platform_strip.jpg,signed_authentic,northcam,1,0,2,0,0,0,credential_valid_origin_confirmed
A054,original,A054__original.jpg,signed_edit_declared,northcam,1,1,0,0,0,0,credential_valid_edits_disclosed
A054,recompress_q40,A054__recompress_q40.jpg,signed_edit_declared,northcam,1,0,0,0,0,0,credential_valid_edits_disclosed
A054,crop_10pct,A054__crop_10pct.jpg,signed_edit_declared,northcam,1,0,22,0,0,0,credential_valid_edits_disclosed
A054,resize_640,A054__resize_640.jpg,signed_edit_declared,northcam,1,0,0,0,0,0,credential_valid_edits_disclosed
A054,screenshot_sim,A054__screenshot_sim.jpg,signed_edit_declared,northcam,1,0,8,0,0,0,credential_valid_edits_disclosed
A054,platform_strip,A054__platform_strip.jpg,signed_edit_declared,northcam,1,0,0,0,0,0,credential_valid_edits_disclosed
A055,original,A055__original.jpg,signed_untrusted_issuer,ghostsign,0,1,0,0,0,0,signature_valid_issuer_not_trusted
A055,recompress_q40,A055__recompress_q40.jpg,signed_untrusted_issuer,ghostsign,0,0,0,0,0,0,signature_valid_issuer_not_trusted
A055,crop_10pct,A055__crop_10pct.jpg,signed_untrusted_issuer,ghostsign,0,0,22,0,0,0,signature_valid_issuer_not_trusted
A055,resize_640,A055__resize_640.jpg,signed_untrusted_issuer,ghostsign,0,0,0,0,0,0,signature_valid_issuer_not_trusted
A055,screenshot_sim,A055__screenshot_sim.jpg,signed_untrusted_issuer,ghostsign,0,0,10,0,0,0,signature_valid_issuer_not_trusted
A055,platform_strip,A055__platform_strip.jpg,signed_untrusted_issuer,ghostsign,0,0,0,0,0,0,signature_valid_issuer_not_trusted
A056,original,A056__original.jpg,unsigned_authentic,,0,0,,0,0,0,no_credential_no_inference_possible
A056,recompress_q40,A056__recompress_q40.jpg,unsigned_authentic,,0,0,,0,0,0,no_credential_no_inference_possible
A056,crop_10pct,A056__crop_10pct.jpg,unsigned_authentic,,0,0,,0,0,0,no_credential_no_inference_possible
A056,resize_640,A056__resize_640.jpg,unsigned_authentic,,0,0,,0,0,0,no_credential_no_inference_possible
A056,screenshot_sim,A056__screenshot_sim.jpg,unsigned_authentic,,0,0,,0,0,0,no_credential_no_inference_possible
A056,platform_strip,A056__platform_strip.jpg,unsigned_authentic,,0,0,,0,0,0,no_credential_no_inference_possible
A057,original,A057__original.jpg,signed_edit_declared,northcam,1,1,0,0,0,0,credential_valid_edits_disclosed
A057,recompress_q40,A057__recompress_q40.jpg,signed_edit_declared,northcam,1,0,0,0,0,0,credential_valid_edits_disclosed
A057,crop_10pct,A057__crop_10pct.jpg,signed_edit_declared,northcam,1,0,26,0,0,0,credential_valid_edits_disclosed
A057,resize_640,A057__resize_640.jpg,signed_edit_declared,northcam,1,0,0,0,0,0,credential_valid_edits_disclosed
A057,screenshot_sim,A057__screenshot_sim.jpg,signed_edit_declared,northcam,1,0,14,0,0,0,credential_valid_edits_disclosed
A057,platform_strip,A057__platform_strip.jpg,signed_edit_declared,northcam,1,0,0,0,0,0,credential_valid_edits_disclosed
A058,original,A058__original.jpg,signed_staged_scene,northcam,1,1,0,0,1,0,credential_valid_but_scene_staged
A058,recompress_q40,A058__recompress_q40.jpg,signed_staged_scene,northcam,1,0,0,0,1,0,credential_valid_but_scene_staged
A058,crop_10pct,A058__crop_10pct.jpg,signed_staged_scene,northcam,1,0,26,0,1,0,credential_valid_but_scene_staged
A058,resize_640,A058__resize_640.jpg,signed_staged_scene,northcam,1,0,2,0,1,0,credential_valid_but_scene_staged
A058,screenshot_sim,A058__screenshot_sim.jpg,signed_staged_scene,northcam,1,0,14,0,1,0,credential_valid_but_scene_staged
A058,platform_strip,A058__platform_strip.jpg,signed_staged_scene,northcam,1,0,0,0,1,0,credential_valid_but_scene_staged
A059,original,A059__original.jpg,signed_authentic,northcam,1,1,0,0,0,0,credential_valid_origin_confirmed
A059,recompress_q40,A059__recompress_q40.jpg,signed_authentic,northcam,1,0,2,0,0,0,credential_valid_origin_confirmed
A059,crop_10pct,A059__crop_10pct.jpg,signed_authentic,northcam,1,0,22,0,0,0,credential_valid_origin_confirmed
A059,resize_640,A059__resize_640.jpg,signed_authentic,northcam,1,0,0,0,0,0,credential_valid_origin_confirmed
A059,screenshot_sim,A059__screenshot_sim.jpg,signed_authentic,northcam,1,0,8,0,0,0,credential_valid_origin_confirmed
A059,platform_strip,A059__platform_strip.jpg,signed_authentic,northcam,1,0,0,0,0,0,credential_valid_origin_confirmed
A060,original,A060__original.jpg,signed_staged_scene,northcam,1,1,0,0,1,0,credential_valid_but_scene_staged
A060,recompress_q40,A060__recompress_q40.jpg,signed_staged_scene,northcam,1,0,0,0,1,0,credential_valid_but_scene_staged
A060,crop_10pct,A060__crop_10pct.jpg,signed_staged_scene,northcam,1,0,22,0,1,0,credential_valid_but_scene_staged
A060,resize_640,A060__resize_640.jpg,signed_staged_scene,northcam,1,0,0,0,1,0,credential_valid_but_scene_staged
A060,screenshot_sim,A060__screenshot_sim.jpg,signed_staged_scene,northcam,1,0,14,0,1,0,credential_valid_but_scene_staged
A060,platform_strip,A060__platform_strip.jpg,signed_staged_scene,northcam,1,0,0,0,1,0,credential_valid_but_scene_staged
A061,original,A061__original.jpg,signed_edit_declared,northcam,1,1,0,0,0,0,credential_valid_edits_disclosed
A061,recompress_q40,A061__recompress_q40.jpg,signed_edit_declared,northcam,1,0,0,0,0,0,credential_valid_edits_disclosed
A061,crop_10pct,A061__crop_10pct.jpg,signed_edit_declared,northcam,1,0,28,0,0,0,credential_valid_edits_disclosed
A061,resize_640,A061__resize_640.jpg,signed_edit_declared,northcam,1,0,0,0,0,0,credential_valid_edits_disclosed
A061,screenshot_sim,A061__screenshot_sim.jpg,signed_edit_declared,northcam,1,0,6,0,0,0,credential_valid_edits_disclosed
A061,platform_strip,A061__platform_strip.jpg,signed_edit_declared,northcam,1,0,0,0,0,0,credential_valid_edits_disclosed
A062,original,A062__original.jpg,signed_authentic,northcam,1,1,0,0,0,0,credential_valid_origin_confirmed
A062,recompress_q40,A062__recompress_q40.jpg,signed_authentic,northcam,1,0,0,0,0,0,credential_valid_origin_confirmed
A062,crop_10pct,A062__crop_10pct.jpg,signed_authentic,northcam,1,0,20,0,0,0,credential_valid_origin_confirmed
A062,resize_640,A062__resize_640.jpg,signed_authentic,northcam,1,0,0,0,0,0,credential_valid_origin_confirmed
A062,screenshot_sim,A062__screenshot_sim.jpg,signed_authentic,northcam,1,0,10,0,0,0,credential_valid_origin_confirmed
A062,platform_strip,A062__platform_strip.jpg,signed_authentic,northcam,1,0,0,0,0,0,credential_valid_origin_confirmed
A063,original,A063__original.jpg,unsigned_authentic,,0,0,,0,0,0,no_credential_no_inference_possible
A063,recompress_q40,A063__recompress_q40.jpg,unsigned_authentic,,0,0,,0,0,0,no_credential_no_inference_possible
A063,crop_10pct,A063__crop_10pct.jpg,unsigned_authentic,,0,0,,0,0,0,no_credential_no_inference_possible
A063,resize_640,A063__resize_640.jpg,unsigned_authentic,,0,0,,0,0,0,no_credential_no_inference_possible
A063,screenshot_sim,A063__screenshot_sim.jpg,unsigned_authentic,,0,0,,0,0,0,no_credential_no_inference_possible
A063,platform_strip,A063__platform_strip.jpg,unsigned_authentic,,0,0,,0,0,0,no_credential_no_inference_possible
A064,original,A064__original.jpg,signed_untrusted_issuer,ghostsign,0,1,0,0,0,0,signature_valid_issuer_not_trusted
A064,recompress_q40,A064__recompress_q40.jpg,signed_untrusted_issuer,ghostsign,0,0,2,0,0,0,signature_valid_issuer_not_trusted
A064,crop_10pct,A064__crop_10pct.jpg,signed_untrusted_issuer,ghostsign,0,0,26,0,0,0,signature_valid_issuer_not_trusted
A064,resize_640,A064__resize_640.jpg,signed_untrusted_issuer,ghostsign,0,0,2,0,0,0,signature_valid_issuer_not_trusted
A064,screenshot_sim,A064__screenshot_sim.jpg,signed_untrusted_issuer,ghostsign,0,0,10,0,0,0,signature_valid_issuer_not_trusted
A064,platform_strip,A064__platform_strip.jpg,signed_untrusted_issuer,ghostsign,0,0,0,0,0,0,signature_valid_issuer_not_trusted
A065,original,A065__original.jpg,signed_staged_scene,northcam,1,1,0,0,1,0,credential_valid_but_scene_staged
A065,recompress_q40,A065__recompress_q40.jpg,signed_staged_scene,northcam,1,0,2,0,1,0,credential_valid_but_scene_staged
A065,crop_10pct,A065__crop_10pct.jpg,signed_staged_scene,northcam,1,0,20,0,1,0,credential_valid_but_scene_staged
A065,resize_640,A065__resize_640.jpg,signed_staged_scene,northcam,1,0,0,0,1,0,credential_valid_but_scene_staged
A065,screenshot_sim,A065__screenshot_sim.jpg,signed_staged_scene,northcam,1,0,12,0,1,0,credential_valid_but_scene_staged
A065,platform_strip,A065__platform_strip.jpg,signed_staged_scene,northcam,1,0,0,0,1,0,credential_valid_but_scene_staged
A066,original,A066__original.jpg,signed_tampered_undeclared,northcam,1,0,14,1,0,0,credential_broken_content_altered
A066,recompress_q40,A066__recompress_q40.jpg,signed_tampered_undeclared,northcam,1,0,14,1,0,0,credential_broken_content_altered
A066,crop_10pct,A066__crop_10pct.jpg,signed_tampered_undeclared,northcam,1,0,26,1,0,0,credential_broken_content_altered
A066,resize_640,A066__resize_640.jpg,signed_tampered_undeclared,northcam,1,0,14,1,0,0,credential_broken_content_altered
A066,screenshot_sim,A066__screenshot_sim.jpg,signed_tampered_undeclared,northcam,1,0,20,1,0,0,credential_broken_content_altered
A066,platform_strip,A066__platform_strip.jpg,signed_tampered_undeclared,northcam,1,0,14,1,0,0,credential_broken_content_altered
A067,original,A067__original.jpg,unsigned_authentic,,0,0,,0,0,0,no_credential_no_inference_possible
A067,recompress_q40,A067__recompress_q40.jpg,unsigned_authentic,,0,0,,0,0,0,no_credential_no_inference_possible
A067,crop_10pct,A067__crop_10pct.jpg,unsigned_authentic,,0,0,,0,0,0,no_credential_no_inference_possible
A067,resize_640,A067__resize_640.jpg,unsigned_authentic,,0,0,,0,0,0,no_credential_no_inference_possible
A067,screenshot_sim,A067__screenshot_sim.jpg,unsigned_authentic,,0,0,,0,0,0,no_credential_no_inference_possible
A067,platform_strip,A067__platform_strip.jpg,unsigned_authentic,,0,0,,0,0,0,no_credential_no_inference_possible
A068,original,A068__original.jpg,signed_edit_declared,northcam,1,1,0,0,0,0,credential_valid_edits_disclosed
A068,recompress_q40,A068__recompress_q40.jpg,signed_edit_declared,northcam,1,0,0,0,0,0,credential_valid_edits_disclosed
A068,crop_10pct,A068__crop_10pct.jpg,signed_edit_declared,northcam,1,0,14,0,0,0,credential_valid_edits_disclosed
A068,resize_640,A068__resize_640.jpg,signed_edit_declared,northcam,1,0,0,0,0,0,credential_valid_edits_disclosed
A068,screenshot_sim,A068__screenshot_sim.jpg,signed_edit_declared,northcam,1,0,8,0,0,0,credential_valid_edits_disclosed
A068,platform_strip,A068__platform_strip.jpg,signed_edit_declared,northcam,1,0,0,0,0,0,credential_valid_edits_disclosed
A069,original,A069__original.jpg,signed_authentic,northcam,1,1,0,0,0,0,credential_valid_origin_confirmed
A069,recompress_q40,A069__recompress_q40.jpg,signed_authentic,northcam,1,0,0,0,0,0,credential_valid_origin_confirmed
A069,crop_10pct,A069__crop_10pct.jpg,signed_authentic,northcam,1,0,24,0,0,0,credential_valid_origin_confirmed
A069,resize_640,A069__resize_640.jpg,signed_authentic,northcam,1,0,0,0,0,0,credential_valid_origin_confirmed
A069,screenshot_sim,A069__screenshot_sim.jpg,signed_authentic,northcam,1,0,14,0,0,0,credential_valid_origin_confirmed
A069,platform_strip,A069__platform_strip.jpg,signed_authentic,northcam,1,0,0,0,0,0,credential_valid_origin_confirmed
A070,original,A070__original.jpg,signed_untrusted_issuer,ghostsign,0,1,0,0,0,0,signature_valid_issuer_not_trusted
A070,recompress_q40,A070__recompress_q40.jpg,signed_untrusted_issuer,ghostsign,0,0,2,0,0,0,signature_valid_issuer_not_trusted
A070,crop_10pct,A070__crop_10pct.jpg,signed_untrusted_issuer,ghostsign,0,0,22,0,0,0,signature_valid_issuer_not_trusted
A070,resize_640,A070__resize_640.jpg,signed_untrusted_issuer,ghostsign,0,0,0,0,0,0,signature_valid_issuer_not_trusted
A070,screenshot_sim,A070__screenshot_sim.jpg,signed_untrusted_issuer,ghostsign,0,0,14,0,0,0,signature_valid_issuer_not_trusted
A070,platform_strip,A070__platform_strip.jpg,signed_untrusted_issuer,ghostsign,0,0,0,0,0,0,signature_valid_issuer_not_trusted
A071,original,A071__original.jpg,signed_edit_declared,northcam,1,1,0,0,0,0,credential_valid_edits_disclosed
A071,recompress_q40,A071__recompress_q40.jpg,signed_edit_declared,northcam,1,0,0,0,0,0,credential_valid_edits_disclosed
A071,crop_10pct,A071__crop_10pct.jpg,signed_edit_declared,northcam,1,0,24,0,0,0,credential_valid_edits_disclosed
A071,resize_640,A071__resize_640.jpg,signed_edit_declared,northcam,1,0,0,0,0,0,credential_valid_edits_disclosed
A071,screenshot_sim,A071__screenshot_sim.jpg,signed_edit_declared,northcam,1,0,8,0,0,0,credential_valid_edits_disclosed
A071,platform_strip,A071__platform_strip.jpg,signed_edit_declared,northcam,1,0,0,0,0,0,credential_valid_edits_disclosed
A072,original,A072__original.jpg,unsigned_authentic,,0,0,,0,0,0,no_credential_no_inference_possible
A072,recompress_q40,A072__recompress_q40.jpg,unsigned_authentic,,0,0,,0,0,0,no_credential_no_inference_possible
A072,crop_10pct,A072__crop_10pct.jpg,unsigned_authentic,,0,0,,0,0,0,no_credential_no_inference_possible
A072,resize_640,A072__resize_640.jpg,unsigned_authentic,,0,0,,0,0,0,no_credential_no_inference_possible
A072,screenshot_sim,A072__screenshot_sim.jpg,unsigned_authentic,,0,0,,0,0,0,no_credential_no_inference_possible
A072,platform_strip,A072__platform_strip.jpg,unsigned_authentic,,0,0,,0,0,0,no_credential_no_inference_possible
A073,original,A073__original.jpg,signed_edit_declared,northcam,1,1,0,0,0,0,credential_valid_edits_disclosed
A073,recompress_q40,A073__recompress_q40.jpg,signed_edit_declared,northcam,1,0,0,0,0,0,credential_valid_edits_disclosed
A073,crop_10pct,A073__crop_10pct.jpg,signed_edit_declared,northcam,1,0,24,0,0,0,credential_valid_edits_disclosed
A073,resize_640,A073__resize_640.jpg,signed_edit_declared,northcam,1,0,0,0,0,0,credential_valid_edits_disclosed
A073,screenshot_sim,A073__screenshot_sim.jpg,signed_edit_declared,northcam,1,0,14,0,0,0,credential_valid_edits_disclosed
A073,platform_strip,A073__platform_strip.jpg,signed_edit_declared,northcam,1,0,0,0,0,0,credential_valid_edits_disclosed
A074,original,A074__original.jpg,signed_untrusted_issuer,ghostsign,0,1,0,0,0,0,signature_valid_issuer_not_trusted
A074,recompress_q40,A074__recompress_q40.jpg,signed_untrusted_issuer,ghostsign,0,0,0,0,0,0,signature_valid_issuer_not_trusted
A074,crop_10pct,A074__crop_10pct.jpg,signed_untrusted_issuer,ghostsign,0,0,24,0,0,0,signature_valid_issuer_not_trusted
A074,resize_640,A074__resize_640.jpg,signed_untrusted_issuer,ghostsign,0,0,0,0,0,0,signature_valid_issuer_not_trusted
A074,screenshot_sim,A074__screenshot_sim.jpg,signed_untrusted_issuer,ghostsign,0,0,12,0,0,0,signature_valid_issuer_not_trusted
A074,platform_strip,A074__platform_strip.jpg,signed_untrusted_issuer,ghostsign,0,0,0,0,0,0,signature_valid_issuer_not_trusted
A075,original,A075__original.jpg,unsigned_authentic,,0,0,,0,0,0,no_credential_no_inference_possible
A075,recompress_q40,A075__recompress_q40.jpg,unsigned_authentic,,0,0,,0,0,0,no_credential_no_inference_possible
A075,crop_10pct,A075__crop_10pct.jpg,unsigned_authentic,,0,0,,0,0,0,no_credential_no_inference_possible
A075,resize_640,A075__resize_640.jpg,unsigned_authentic,,0,0,,0,0,0,no_credential_no_inference_possible
A075,screenshot_sim,A075__screenshot_sim.jpg,unsigned_authentic,,0,0,,0,0,0,no_credential_no_inference_possible
A075,platform_strip,A075__platform_strip.jpg,unsigned_authentic,,0,0,,0,0,0,no_credential_no_inference_possible
A076,original,A076__original.jpg,signed_tampered_undeclared,northcam,1,0,18,1,0,0,credential_broken_content_altered
A076,recompress_q40,A076__recompress_q40.jpg,signed_tampered_undeclared,northcam,1,0,18,1,0,0,credential_broken_content_altered
A076,crop_10pct,A076__crop_10pct.jpg,signed_tampered_undeclared,northcam,1,0,30,1,0,0,credential_broken_content_altered
A076,resize_640,A076__resize_640.jpg,signed_tampered_undeclared,northcam,1,0,18,1,0,0,credential_broken_content_altered
A076,screenshot_sim,A076__screenshot_sim.jpg,signed_tampered_undeclared,northcam,1,0,16,1,0,0,credential_broken_content_altered
A076,platform_strip,A076__platform_strip.jpg,signed_tampered_undeclared,northcam,1,0,18,1,0,0,credential_broken_content_altered
A077,original,A077__original.jpg,signed_edit_declared,northcam,1,1,0,0,0,0,credential_valid_edits_disclosed
A077,recompress_q40,A077__recompress_q40.jpg,signed_edit_declared,northcam,1,0,0,0,0,0,credential_valid_edits_disclosed
A077,crop_10pct,A077__crop_10pct.jpg,signed_edit_declared,northcam,1,0,28,0,0,0,credential_valid_edits_disclosed
A077,resize_640,A077__resize_640.jpg,signed_edit_declared,northcam,1,0,0,0,0,0,credential_valid_edits_disclosed
A077,screenshot_sim,A077__screenshot_sim.jpg,signed_edit_declared,northcam,1,0,14,0,0,0,credential_valid_edits_disclosed
A077,platform_strip,A077__platform_strip.jpg,signed_edit_declared,northcam,1,0,0,0,0,0,credential_valid_edits_disclosed
A078,original,A078__original.jpg,signed_tampered_undeclared,northcam,1,0,18,1,0,0,credential_broken_content_altered
A078,recompress_q40,A078__recompress_q40.jpg,signed_tampered_undeclared,northcam,1,0,18,1,0,0,credential_broken_content_altered
A078,crop_10pct,A078__crop_10pct.jpg,signed_tampered_undeclared,northcam,1,0,30,1,0,0,credential_broken_content_altered
A078,resize_640,A078__resize_640.jpg,signed_tampered_undeclared,northcam,1,0,18,1,0,0,credential_broken_content_altered
A078,screenshot_sim,A078__screenshot_sim.jpg,signed_tampered_undeclared,northcam,1,0,18,1,0,0,credential_broken_content_altered
A078,platform_strip,A078__platform_strip.jpg,signed_tampered_undeclared,northcam,1,0,18,1,0,0,credential_broken_content_altered
A079,original,A079__original.jpg,signed_edit_declared,northcam,1,1,0,0,0,0,credential_valid_edits_disclosed
A079,recompress_q40,A079__recompress_q40.jpg,signed_edit_declared,northcam,1,0,0,0,0,0,credential_valid_edits_disclosed
A079,crop_10pct,A079__crop_10pct.jpg,signed_edit_declared,northcam,1,0,22,0,0,0,credential_valid_edits_disclosed
A079,resize_640,A079__resize_640.jpg,signed_edit_declared,northcam,1,0,0,0,0,0,credential_valid_edits_disclosed
A079,screenshot_sim,A079__screenshot_sim.jpg,signed_edit_declared,northcam,1,0,10,0,0,0,credential_valid_edits_disclosed
A079,platform_strip,A079__platform_strip.jpg,signed_edit_declared,northcam,1,0,0,0,0,0,credential_valid_edits_disclosed
A080,original,A080__original.jpg,signed_staged_scene,northcam,1,1,0,0,1,0,credential_valid_but_scene_staged
A080,recompress_q40,A080__recompress_q40.jpg,signed_staged_scene,northcam,1,0,0,0,1,0,credential_valid_but_scene_staged
A080,crop_10pct,A080__crop_10pct.jpg,signed_staged_scene,northcam,1,0,20,0,1,0,credential_valid_but_scene_staged
A080,resize_640,A080__resize_640.jpg,signed_staged_scene,northcam,1,0,0,0,1,0,credential_valid_but_scene_staged
A080,screenshot_sim,A080__screenshot_sim.jpg,signed_staged_scene,northcam,1,0,10,0,1,0,credential_valid_but_scene_staged
A080,platform_strip,A080__platform_strip.jpg,signed_staged_scene,northcam,1,0,0,0,1,0,credential_valid_but_scene_staged
A081,original,A081__original.jpg,signed_authentic,northcam,1,1,0,0,0,0,credential_valid_origin_confirmed
A081,recompress_q40,A081__recompress_q40.jpg,signed_authentic,northcam,1,0,0,0,0,0,credential_valid_origin_confirmed
A081,crop_10pct,A081__crop_10pct.jpg,signed_authentic,northcam,1,0,16,0,0,0,credential_valid_origin_confirmed
A081,resize_640,A081__resize_640.jpg,signed_authentic,northcam,1,0,0,0,0,0,credential_valid_origin_confirmed
A081,screenshot_sim,A081__screenshot_sim.jpg,signed_authentic,northcam,1,0,8,0,0,0,credential_valid_origin_confirmed
A081,platform_strip,A081__platform_strip.jpg,signed_authentic,northcam,1,0,0,0,0,0,credential_valid_origin_confirmed
A082,original,A082__original.jpg,signed_edit_declared,northcam,1,1,0,0,0,0,credential_valid_edits_disclosed
A082,recompress_q40,A082__recompress_q40.jpg,signed_edit_declared,northcam,1,0,2,0,0,0,credential_valid_edits_disclosed
A082,crop_10pct,A082__crop_10pct.jpg,signed_edit_declared,northcam,1,0,18,0,0,0,credential_valid_edits_disclosed
A082,resize_640,A082__resize_640.jpg,signed_edit_declared,northcam,1,0,0,0,0,0,credential_valid_edits_disclosed
A082,screenshot_sim,A082__screenshot_sim.jpg,signed_edit_declared,northcam,1,0,14,0,0,0,credential_valid_edits_disclosed
A082,platform_strip,A082__platform_strip.jpg,signed_edit_declared,northcam,1,0,0,0,0,0,credential_valid_edits_disclosed
A083,original,A083__original.jpg,unsigned_authentic,,0,0,,0,0,0,no_credential_no_inference_possible
A083,recompress_q40,A083__recompress_q40.jpg,unsigned_authentic,,0,0,,0,0,0,no_credential_no_inference_possible
A083,crop_10pct,A083__crop_10pct.jpg,unsigned_authentic,,0,0,,0,0,0,no_credential_no_inference_possible
A083,resize_640,A083__resize_640.jpg,unsigned_authentic,,0,0,,0,0,0,no_credential_no_inference_possible
A083,screenshot_sim,A083__screenshot_sim.jpg,unsigned_authentic,,0,0,,0,0,0,no_credential_no_inference_possible
A083,platform_strip,A083__platform_strip.jpg,unsigned_authentic,,0,0,,0,0,0,no_credential_no_inference_possible
